SerialNumber,Filename,UUID,Hash
1,adewale-the-amebo,cad316c3-37f8-4b27-9f53-9d803bfcfee7,be651804d69c2dcdae715f2c276883ff223998b5e1626036ba2947bf05c67b00
2,alli-the-queeny,a57ecda4-a26f-4e97-a757-e1800af39aab,7809a092345c827ae705e4fa4a3e2cc30f6b2840ff364d13e5c49d8143e7fb92
3,aminat-the-snnobish,0e37ed0d-3e84-4f32-a91f-ec9c4ba8c7de,78adf9a5142a4b7d87d6e4607f0794e81f475e091ff27ef7b1e3eb8a364230c4
4,aminu-the-carpenter,4f30b751-96e7-40fe-97fd-e3d44973ff2f,d6d81e5d3e424a2982a2df92c34021bf8f93d6b3c743a8fe204a6d436037c928
5,chibuike-the-kudibag,5ce854f2-7ac1-46fd-b3fe-57583935d1e5,c0cf1af96eae9c2da7d80acecf1871c22274f15b3f0ee5b36626f773873e4f12
6,chidinma-the-model,c98db72e-49ac-4ca6-89d5-e00f5fbbcc45,d7653fa4df39356bdfb0d3de0adf24b30971ad42b459df2e155e6dd7899c769f
7,chioma-pretty- girl,182ea888-a85b-42ca-ad73-ed4f8f9aa5c7,bdda8def1b86ffeed3504d35a98c965e70be179c0135e914e9fcefc9007e4bf2
8,damilare-the-handsome,27eca2dc-d7df-474a-8f8f-1858152c711e,987d1274af77e1d79d5ce7adb01f4be895771aeaed027c9a07f9f41acccb8acb
9,ebiowie-the-planter,f1df8270-4d60-4bd4-8959-ba7c384db5c4,5073a636183e8eba51a017ece88cde2838659ebf4717de02959b4113983be85e
10,emeka-the-businessman,9b3d75da-4887-4089-aee4-50de3954fdc9,5ac42f81b25ea15afea125afea2870aa0e14e21ff00198d892ca7102ae59622f
11,gbeminyi-the-monk,c8b1fd1d-8551-4bb4-8dc4-923a9aeb39fb,131558fdacbeae5f6236d87118a527fcd72490018be2592d2c5831e89710dd4d
12,henry-the-sportsman,e1225451-bfdf-4a1f-8d37-9cce3a0bd67b,fde61f964cab8e7f0d9b05277983b2ff58d774dc23d2901a51442006576ad95e
13,mayowa-the-smallie,dfbb4163-df24-4d54-b74c-6218a68df8bd,e4ab222719a36b8afd27228a96dafe0ba3ecfb0793cdf57a9ef0728b39d5d8a7
14,muyiwa-the-stylish,dcf9d5a0-57b7-4126-a05e-6c8f1045d3f7,ecc673b7cbe435b422f20489700c63475f132d158da32f4999c7fa9eae9cccec
15,nina-paper-chaser,59524227-dc52-407c-8cca-e9e8c5fb3018,02e8a3981a6879dd4333455a14650732827591b0652999718b38f31bc9ba05c5
16,oluwaseun-spicy,808f7007-6552-4efa-bd13-4b7c337b102b,6ffa5e28663d7c71f381958f5e228a1c64234f8eadc27c8154cb6cf3278df9a4
17,sesan-the-smartie,ba3edda7-8940-4ca4-97ba-826398d5909f,89c74280d7b0f1d5181494a438a5d58c44c109812c823e21497d1da61e3fef92
18,tiwa-london,78da7aeb-8352-4e25-89ac-dc48b5984089,17dba3f5049393c66a13890e16055d2893933930bb2734a92570124b3b475040
19,tunde-yoruba-demon,53b46bd7-a537-402b-b249-0b4074a8faae,24eb8e980a4a2e79fd618ec667c513d108791a71d2e9b8223afe542edfda9fdc
20,yakubu-the-zombie,4adb6781-1614-424e-8f77-fe59ffca2209,664784ff62dc51899034cc74e4befcae4b2c17f48335a1e42f01b6ae0d40e3dc
21,abdul-the-vibe,770f817a-9d9a-4772-9a91-e66dd9d03470,ea56b1c4f49463801f8800f0942e080b37a5670ff16b9de73ea5697a17f17384
22,emeka-the -clown,78810fa6-a7ef-4d83-bf57-caf49db4ee69,2678d381bfc77743b31a75be7172068eccf1a5d30c5030b091e28b8e4f103be0
23,salam-the-odogwu,f2957ded-022c-4b07-92c6-b345d4816a67,6dbbd554019afdf198aeb8bc7bc0895ee66592b929feda55a7789ed12525cc23
24,charles-the-exporter,09395e76-19ed-4852-8748-795ee7496a8e,90adf48893493294de9b7a5f473e7ba9825a52a3d6dbb183e4d69df9de795085
25,wole-the-pimp,4d94d4f7-9b69-4e43-9db1-1fe83df92857,89e101ce8cdd0f36e8eb46f9343182d6fe86adc7064e4f0d4c4856e9eaf2ea3e
26,saro-the-baller,d35a7514-8996-42fb-a5f2-5a603ec679c5,b9ce0f7594b7ae8b16a6ec6af46b0f75e7543c00e1f588edaf8aba66fd3398e0
27,ade-omo-yoruba,92984fa0-310b-4377-8a10-15965d044383,4d058580269cba64102f030077a6d26ac8292c8c95152bd495f10aba36542446
28,shola-cool kid,3ac5c186-bc14-4eb6-8567-cc818465a64f,15f65ddf22cd4333824d9fd572fc0957c1c4eaa786e583548f338558052f47a1
29,charlie-the-smoker,71a0aa22-d111-43b7-8484-43d87310bc42,58756bf836fccd2eff9b06acb9fed957573d9e47ecdd10a79b9d27b055baa96e
30,femi-the-badguy,e493e3fb-a8a0-455a-854f-0f6474bbc69f,b0ba2d5a3e367a1c6dbb382d8df8d25e3d0821a1e33cebce7fd53bcd214b3ad1
31,sinzu-money,942f8347-9932-4331-bd15-d0f3a048b54f,7b9f52ebe6763d8892fa9d53cee8125fd8fcebf098c9bfec4489990574d34b6b
32,obinna-the-palmwine tapper,0f1af056-2548-4407-bed4-abc11deae05d,f4dac61d960966aabe5c4d159d18b3816b2d3b8d4cdd17de8df63cb220ef1c29
33,aminu-maikudi,0129e7a5-e3d0-4675-92d0-1a1e55d11612,8c693f3c0cc7d8820f268156ab0daff5f5985a038f14e0efd2a8a193cdc04c37
34,sabinus-the-town crier,01d4ce96-818e-44b1-8813-68a7d34b35ba,5525fa3a62269ae737cb74eb8abbba11904c83a53fa0e655460e5ea982ab8183
35,adisa-ibadan,3a925f27-35f6-4dbf-9960-c6527fae5f3e,7b64d4401b94a8078c0ad303f510271382c3e0da48cc63049c4219eac4777cd1
36,linda-the-navigator,71f335a6-5a4f-4410-9cea-179336f0e498,1110b8b7b34fface5b600fee1c566691964e396c0b3ee84dbef735ab3f0e9710
37,kemi-the-iron lady,35b11a31-5b92-49f4-8fb1-30f255d22054,7f60e50fd3d5b858b10dda238332b98e893eeee3bf23296317a1fa9375748689
38,mercy-the-sassy lady,7a3c70ac-927f-4a63-a3df-ab86dd27cd0f,fba256da374bbabcc4181f26dad9ce7b7f816ec56650a7fd26c4bfd8bad4e13d
39,sandra-money,1bd95fb0-7b2e-4354-bebd-22f9cf70a1ca,c7029314370ae56ea7d870059f9b0a1931c8bdb4e2cde8e3646635939e9f0354
40,bimpe-the-fashionista,92b548b7-998b-46b6-8198-80d407209483,a196f3b60bf5a53c22f1f508642f2d2e0a716909c2fd097b55785a2e3459a043
301,wendy-the-banker,587645e2-5ace-11ed-9b6a-0242ac120002,574c145f641705daea8ade926726e15c0a723cdb84840b5e5acf5c5dc6e5d8ae
302,uduak-the-dark horse,58764862-5ace-11ed-9b6a-0242ac120002,dd465d8bdde93a64a252428ff0a3d99e35b508edb8e4fee34dcda41dd07d595a
303,timeyin -the -eccentric,58764a2e-5ace-11ed-9b6a-0242ac120002,6b24f776ff9523e56518a918658d7d56a7bc3562af9a7c849504682cba87cff9
304,omawunmi -the -businesswoman,58764b78-5ace-11ed-9b6a-0242ac120002,0cce63a22bb905b6ce084b417a4ff2db3e123db9d870d50108cc7ec9da35ca58
305,halima -the -housewife,58764d8a-5ace-11ed-9b6a-0242ac120002,0d97063246a3770033dc81cc0568c41578521942a50596454eceb91182563b9d
306,muna -the -block sister,58764ea2-5ace-11ed-9b6a-0242ac120002,a1656cebc1dd17f12ab8dc68f1f9ab01b01fd2c67f83a0a662db3f07b971b9bc
307,stella -the -gossip,58764fd8-5ace-11ed-9b6a-0242ac120002,df39273df0a481138d4b071b42aace4a33a1d210be5135646ebbc4e40a8f8cea
308,agbani -the -wannabe,5876542e-5ace-11ed-9b6a-0242ac120002,799ac675074261a66a074df61c8ba821295d469022d5de132157228a20aef33e
309,asante-the -warrior,58765578-5ace-11ed-9b6a-0242ac120002,03024669f252ca253a4a69b88d1277320b292c8c2e614906771dda4393d26a94
310,hilda -the insomaniac,5876569a-5ace-11ed-9b6a-0242ac120002,7b75f7ed43eac993de95426d6dbed836d862a45d9811fafa786c97c55f362cad
311,sisi yemi-the -street aunty,587657a8-5ace-11ed-9b6a-0242ac120002,7e0914e318a46b286118594248d59b0a1d651e2c7350444234bf47224137ad9c
312,chiamaka -the -bully,587658ca-5ace-11ed-9b6a-0242ac120002,e98e72a21cda5e803fbdc52731818359fcc7340eb6d03f1f9287540526454333
313,gift-the-fashionista,58765adc-5ace-11ed-9b6a-0242ac120002,713435699897340e6a517db30fd909b4357d37726f2d3da5737eb1208fb4ce6a
314,omoyene-the-weirdo,58765bea-5ace-11ed-9b6a-0242ac120002,694509ebd1c0fdc97571f48ec970087731175c29197ef64a117079d18140483f
315,maria-the -freshface,58765d02-5ace-11ed-9b6a-0242ac120002,491a7f45abea0f9592a274e29e2a5856628c28ada79aaee6c3f44deaca1311dd
316,monica-the-smoker,58765e24-5ace-11ed-9b6a-0242ac120002,b54ef762d5b7d978731a86262a4ab06826de1f444beb323f4c9dfae90e1f156c
341,mansur-the-partyrider,78db0f29-3936-4d9c-bb90-3dbf20dba2dd,28c586d665de2fe88954df4b2f818649cd92ae41a6a8a70da0a2a524cdad02ba
342,tola-the-businessman,1c5d5a6b-cf04-4bf9-978e-22a7e9bc5819,dace6f633f33d98ab5ce866817dd58c4bef302d651b9fd451dc1591873564a39
343,abdullahi-the-honorable,dd708276-445f-4483-8357-fc08e999328f,770ee3c74ccbc6c5c83cfbd0f6b0f13b33137997cb74a5ff6aa393a20c84a8f8
344,ojukwu-the-badguy,76c1eabf-15ea-446a-8426-472982c4d800,8ebd72cd3aec8701a2c7fee5bca402a7af0c1694ad910f65b68f4a48b6940a96
345,odunsi-the-egbonadugbo,2912ab8b-5875-4277-a5c2-a0209aee90ae,7b740ca94a91d22ca0ddcb614548ae600d5fbd7e59a0afe12abd3fdf7b88996b
346,ogogo-the-sugardaddy,aa575f30-04ad-45f9-a798-199465117793,2ee242ee06c74fedad209da87064fc22403826a7623f58fc664d6d8a8db1dcee
347,suli-the-amalaseller,46fd4821-04dd-4f65-9290-c130a00c4c93,6404f85021ed8043f892921fe7bfb6876a51be68c6b1d07972ebb9b533a46752
348,dolapo-the-afrocentric,cbab232b-5c62-4df8-867b-018a2e496cd4,fdcfda8309d1bf82dbb1120c5ea43a6c9cd891f7b75d1c47ce29bcedb6513e3b
349,danjuma-the-saddist,5a42af57-186e-425b-b6b1-f72bda4911ef,d5193566b81e416deca30b9d6b715dfb329235829e7908ce6f86ca4b64d5944b
350,chinedu-the-farmer,9e8a55d7-0d8d-465d-a628-08ddd387a2c6,254c54a4dc76d682f6f60ae77e88581f9ea976b1e9c0b54430c33fcc02f3a362
351,kola-the-baldguy,c32f1757-da9c-49e8-bd79-510a42b6971a,c65c9360e5c7eaec54a1014fe21d26f5376e94fac00b05a14b3aa67b820aefb5
352,bola-the-bosslady,09ff910d-a2be-49d5-8b27-b9378458701c,533bef94ca59f724c6cedfbff82d85e73002cd590939ead055e3ff434b707df3
353,kunle-the-alienguy,dea2f5d8-e3ba-4d3f-9a17-0a7edfd0c100,453fbcd7535359cc4ace12b8f23cb50229c7e01aa72e97d772e4f67afc200a2a
354,segun-the-sharp,f9159a9c-f48d-4aee-bcc1-63c86209f806,89e808ffbeea30c90f135e34bf7531fcf3d7221c4b49ee1ee1f987aef51fcb3e
355,ola-the-hardguy,a814fc77-bdfa-4e50-8ba8-3e4e4bcfb3c0,f2a62ca8cf49868e46fcf199a04f7704aa2bef7f78a9bf86b9d4cc45807b063f
356,emeka-the-chief,195e89c8-0b6f-43ad-9a2c-d20f03439e96,241207c5550ea8aac11f9baa1eb72d890251d785cdec1c74a0a0bda657a9ed86
357,ugochukwu-the-celeb,74775cda-cff4-4d21-8819-693127598eca,318214c0277ea40980b874834f0ce6c123fb391c293f67883fc0e117214a3087
358,adekunle-the-yorubademon,5c98c2d8-3144-4e08-8a0f-9b8d7e4f5aa7,79bc199cb5a5131f662da3d3256bf7e8cdb6907d2d52a40d72b50a719bcb4e37
359,favour-the-fashionista,19fc15c3-80fe-4d45-a2fe-be8f087d57c4,ee6608096d051bc314d338e58e0eb91d3158892ed07a8b99ea138d9e8d52b81a
360,jane-the-slayqueen,74775cda-cff4-4d21-8819-693127598eca,65e56e360b7e1efbe887a6d99923a1cc198202ef731c09655dcadb7b74efc924